date,sales
2018-02-04,927344.59
2018-02-05,963091.64
2018-02-06,862046.64
2018-02-07,772632.77
2018-02-08,1011371.25
2018-02-09,1119993.01
2018-02-10,1092965.95
2018-02-11,892406.56
2018-02-12,891151.04
2018-02-13,800263.29
2018-02-14,1033473.74
2018-02-15,1210562.99
2018-02-16,1369547.81
2018-02-17,1158546.37
2018-02-18,1035226.64
2018-02-19,1095625.39
2018-02-20,935525.95
2018-02-21,911664.6
2018-02-22,1605525.14
2018-02-23,1990229.84
2018-02-24,1209656.63
2018-02-25,1114158.84
2018-02-26,1104790.19
2018-02-27,896319.29
2018-02-28,1119590.98
2018-03-01,1664105.61
2018-03-02,1605339.75
2018-03-03,1268306.39
2018-03-04,1081548.81
2018-03-05,1150895.58
2018-03-06,926133.46
2018-03-07,846281.87
2018-03-08,1007478.3
2018-03-09,1249315.15
2018-03-10,1070732.24
2018-03-11,932562.27
2018-03-12,947497.02
2018-03-13,840627.09
2018-03-14,892688.77
2018-03-15,1189562.47
2018-03-16,1323792.03
2018-03-17,1114897.29
2018-03-18,933895.1
2018-03-19,935906.32
2018-03-20,795324.52
2018-03-21,801222.79
2018-03-22,897018.46
2018-03-23,980389.05
2018-03-24,971267.81
2018-03-25,844791.12
2018-03-26,831781.97
2018-03-27,701784.87
2018-03-28,776733.17
2018-03-29,950700.87
2018-03-30,1379750.05
2018-03-31,1012092.21
2018-04-01,656512.24
2018-04-02,967733.35
2018-04-03,961731.17
2018-04-04,823871.9
2018-04-05,934524.57
2018-04-06,1026178.38
2018-04-07,1009148.07
2018-04-08,833478.58
2018-04-09,834189.6
2018-04-10,824545.7
2018-04-11,665781.96
2018-04-12,818085.89
2018-04-13,1191000.5
2018-04-14,992405.73
2018-04-15,896954.26
2018-04-16,938059.14
2018-04-17,817242.48
2018-04-18,793063.36
2018-04-19,844829.96
2018-04-20,985108.6
2018-04-21,898691.46
2018-04-22,775223.37
2018-04-23,818263.52
2018-04-24,642608.28
2018-04-25,706594.04
2018-04-26,689552.16
2018-04-27,878598.11
2018-04-28,852093.1
2018-04-29,753315.83
2018-04-30,800942.71
2018-05-01,1089187.55
2018-05-02,1070123.36
2018-05-03,926668.72
2018-05-04,1078333.12
2018-05-05,923099.82
2018-05-06,786857.69
2018-05-07,852988.31
2018-05-08,799814.35
2018-05-09,695674.1
2018-05-10,756990.15
2018-05-11,937998.97
2018-05-12,976106.45
2018-05-13,786779.54
2018-05-14,813081.53
2018-05-15,974408.55
2018-05-16,874971.67
2018-05-17,858079.12
2018-05-18,1074879.64
2018-05-19,949746.42
2018-05-20,781902.24
2018-05-21,780191.17
2018-05-22,746832.77
2018-05-23,727016.68
2018-05-24,752592.05
2018-05-25,983175.74
2018-05-26,936399.04
2018-05-27,855019.34
2018-05-28,1023074.49
2018-05-29,798524.19
2018-05-30,614049.37
2018-05-31,805017.47
2018-06-01,1335067.6
2018-06-02,1102217.48
2018-06-03,955877.29
2018-06-04,924650.35
2018-06-05,1021274.46
2018-06-06,838841.73
2018-06-07,809305.28
2018-06-08,1080239.6
2018-06-09,839802.74
2018-06-10,793265.98
2018-06-11,808045.77
2018-06-12,728022.82
2018-06-13,774056.3
2018-06-14,890278.97
2018-06-15,1345526.67
2018-06-16,1124019.01
2018-06-17,1014245.48
2018-06-18,1025503.24
2018-06-19,819032.47
2018-06-20,679503.04
2018-06-21,771777.03
2018-06-22,943682.96
2018-06-23,800701.91
2018-06-24,691414.33
2018-06-25,762522.4
2018-06-26,627839.61
2018-06-27,633076.76
2018-06-28,801419.48
2018-06-29,1345340.27
2018-06-30,1202864.83
2018-07-01,994839.48
2018-07-02,1051704.86
2018-07-03,1085284.71
2018-07-04,935103.83
2018-07-05,968809.64
2018-07-06,1112072.97
2018-07-07,928825.61
2018-07-08,850293.01
2018-07-09,718867.45
2018-07-10,780554.17
2018-07-11,729957.66
2018-07-12,860252.64
2018-07-13,1202379.34
2018-07-14,986972.3
2018-07-15,866268.18
2018-07-16,910609.65
2018-07-17,886143.8
2018-07-18,794947.09
2018-07-19,811779.87
2018-07-20,919032.76
2018-07-21,891668.16
2018-07-22,754494.07
2018-07-23,769727.4
2018-07-24,727664.08
2018-07-25,596214.68
2018-07-26,753013.24
2018-07-27,896154.09
2018-07-28,928997.77
2018-07-29,818458.41
2018-07-30,789890.03
2018-07-31,827942.35
2018-08-01,1114566.41
2018-08-02,1196928.09
2018-08-03,1207058.77
2018-08-04,1164500.45
2018-08-05,889299.88
2018-08-06,921985.93
2018-08-07,756916.29
2018-08-08,805163.03
2018-08-09,842582.89
2018-08-10,1035389.06
2018-08-11,1021073.43
2018-08-12,884245.31
2018-08-13,866537.92
2018-08-14,876331.91
2018-08-15,1074399.51
2018-08-16,985786.04
2018-08-17,1184718.19
2018-08-18,1164851.43
2018-08-19,937032.77
2018-08-20,993982.74
2018-08-21,844589.21
2018-08-22,872900.37
2018-08-23,866025.94
2018-08-24,1047037.6
2018-08-25,966868.02
2018-08-26,811375.23
2018-08-27,813802.55
2018-08-28,790860.03
2018-08-29,789677.92
2018-08-30,806482.48
2018-08-31,1601739.16
2018-09-01,1329791.16
2018-09-02,1125049.46
2018-09-03,1283088.77
2018-09-04,1051829.49
2018-09-05,928205.74
2018-09-06,880262.36
2018-09-07,1104380.04
2018-09-08,949268.91
2018-09-09,812156.19
2018-09-10,802617.68
2018-09-11,687440.02
2018-09-12,761672.48
2018-09-13,808402.89
2018-09-14,1184384.16
2018-09-15,853270.68
2018-09-16,712076.99
2018-09-17,689485.71
2018-09-18,1261450.73
2018-09-19,778131.65
2018-09-20,708653.06
2018-09-21,1060368.19
2018-09-22,997479.85
2018-09-23,795276.7
2018-09-24,840489.76
2018-09-25,631939.34
2018-09-26,605166.35
2018-09-27,687747.44
2018-09-28,1055680.94
2018-09-29,1147685.64
2018-09-30,1010653.07
2018-10-01,1042529.66
2018-10-02,1025963.4
2018-10-03,844796.34
2018-10-04,814021.66
2018-10-05,1168027.6
2018-10-06,919677.21
2018-10-07,761701.16
2018-10-08,802766.37
2018-10-09,763160.9
2018-10-10,633036.02
2018-10-11,714348.27
2018-10-12,961890.0
2018-10-13,891966.96
2018-10-14,736670.42
2018-10-15,730908.39
2018-10-16,1115114.64
2018-10-17,736063.69
2018-10-18,789309.11
2018-10-19,1031585.55
2018-10-20,907149.04
2018-10-21,724760.56
2018-10-22,718392.58
2018-10-23,678032.67
2018-10-24,618506.3
2018-10-25,609895.22
2018-10-26,867139.91
2018-10-27,835596.54
2018-10-28,683760.39
2018-10-29,737217.5
2018-10-30,573010.36
2018-10-31,722034.44
2018-11-01,1067150.9
2018-11-02,1317548.82
2018-11-03,1090265.46
2018-11-04,903038.34
2018-11-05,872064.96
2018-11-06,842666.68
2018-11-07,725542.56
2018-11-08,872998.94
2018-11-09,1110440.32
2018-11-10,1032955.15
2018-11-11,887302.77
2018-11-12,922457.47
2018-11-13,843847.43
2018-11-14,732034.41
2018-11-15,1052938.53
2018-11-16,1322916.61
2018-11-17,1207596.32
2018-11-18,1165949.01
2018-11-19,1185257.26
2018-11-20,1023041.93
2018-11-21,1438961.5
2018-11-22,3234628.5
2018-11-23,4412694.92
2018-11-24,1987560.82
2018-11-25,1572302.41
2018-11-26,2092070.71
2018-11-27,1440344.35
2018-11-28,1079295.34
2018-11-29,1122390.38
2018-11-30,1564800.43
2018-12-01,1422923.84
2018-12-02,1201158.79
2018-12-03,1224625.64
2018-12-04,1062210.31
2018-12-05,1175016.06
2018-12-06,1037824.03
2018-12-07,1226626.28
2018-12-08,1223898.47
2018-12-09,1002868.33
2018-12-10,1153402.66
2018-12-11,947065.43
2018-12-12,1062215.33
2018-12-13,1158205.6
2018-12-14,1828895.08
2018-12-15,1857482.43
2018-12-16,1633512.36
2018-12-17,1790849.02
2018-12-18,1657973.94
2018-12-19,1656483.68
2018-12-20,1795755.6
2018-12-21,2408890.57
2018-12-22,2310735.37
2018-12-23,2040615.26
2018-12-24,2084863.01
2018-12-25,455625.89
2018-12-26,879961.3
2018-12-27,1132718.39
2018-12-28,1519750.95
2018-12-29,1356820.08
2018-12-30,1166055.78
2018-12-31,1340306.01
2019-01-01,1001712.67
2019-01-02,1044597.9
2019-01-03,1088111.31
2019-01-04,1126838.07
2019-01-05,1026213.5
2019-01-06,829025.0
2019-01-07,881033.37
2019-01-08,769690.03
2019-01-09,747929.65
2019-01-10,774548.24
2019-01-11,998357.89
2019-01-12,1028388.97
2019-01-13,807913.4
2019-01-14,880118.8
2019-01-15,1067990.45
2019-01-16,950569.2
2019-01-17,959910.8
2019-01-18,1210226.08
2019-01-19,935741.46
2019-01-20,784834.78
2019-01-21,875909.19
2019-01-22,797732.72
2019-01-23,734854.48
2019-01-24,741241.7
2019-01-25,967342.84
2019-01-26,929808.73
2019-01-27,827827.49
2019-01-28,801763.52
2019-01-29,728554.35
2019-01-30,702191.52
2019-01-31,957644.69
2019-02-01,1610470.25
2019-02-02,1369836.35
2019-02-03,1100911.93
2019-02-04,1086162.14
2019-02-05,1015771.4
2019-02-06,933292.07
2019-02-07,911905.38
2019-02-08,1412934.83
2019-02-09,1137976.26
2019-02-10,913624.36
2019-02-11,946171.01
2019-02-12,841158.45
2019-02-13,932326.49
2019-02-14,1135944.66
2019-02-15,1554750.86
2019-02-16,1248801.27
2019-02-17,1064002.55
2019-02-18,1182892.02
2019-02-19,1026152.39
2019-02-20,740007.75
2019-02-21,1050820.89
2019-02-22,1431855.95
2019-02-23,1139943.7
2019-02-24,1033604.24
2019-02-25,1029659.17
2019-02-26,864654.88
2019-02-27,1483227.29
2019-02-28,1945947.58
2019-03-01,2066553.01
2019-03-02,1591237.33
2019-03-03,1330691.34
2019-03-04,1398789.23
2019-03-05,1163338.03
2019-03-06,1080786.99
2019-03-07,1029163.22
2019-03-08,1470710.62
2019-03-09,1256347.63
2019-03-10,1013537.22
2019-03-11,1019675.26
2019-03-12,920891.38
2019-03-13,872708.07
2019-03-14,1007124.37
2019-03-15,1514452.11
2019-03-16,1186351.92
2019-03-17,940949.11
2019-03-18,1076923.9
2019-03-19,883736.44
2019-03-20,778569.26
2019-03-21,915246.5
2019-03-22,1132099.52
2019-03-23,986715.84
2019-03-24,863029.42
2019-03-25,871180.8
2019-03-26,707190.45
2019-03-27,703992.33
2019-03-28,841316.12
2019-03-29,1159912.62
2019-03-30,1237919.85
2019-03-31,1065583.72
2019-04-01,1081004.66
2019-04-02,985277.34
2019-04-03,970532.67
2019-04-04,899698.07
2019-04-05,1246498.43
2019-04-06,1024313.45
2019-04-07,895236.45
2019-04-08,864925.9
2019-04-09,823592.57
2019-04-10,742395.89
2019-04-11,735973.1
2019-04-12,1082176.58
2019-04-13,1127163.7
2019-04-14,983050.99
2019-04-15,971399.21
2019-04-16,850513.72
2019-04-17,854158.14
2019-04-18,910405.34
2019-04-19,1161474.99
2019-04-20,851729.2
2019-04-21,524078.87
2019-04-22,830419.61
2019-04-23,831540.76
2019-04-24,763953.72
2019-04-25,755500.36
2019-04-26,916488.58
2019-04-27,878086.78
2019-04-28,645653.1
2019-04-29,806591.59
2019-04-30,810249.72
2019-05-01,1179314.03
2019-05-02,1216149.53
2019-05-03,1302308.76
2019-05-04,1025472.55
2019-05-05,988209.68
2019-05-06,987534.95
2019-05-07,808840.61
2019-05-08,846711.24
2019-05-09,883260.64
2019-05-10,1105146.65
2019-05-11,1072006.04
2019-05-12,807266.65
2019-05-13,826463.46
2019-05-14,761664.84
2019-05-15,1014909.33
2019-05-16,900582.12
2019-05-17,1150003.04
2019-05-18,913906.43
2019-05-19,791432.79
2019-05-20,907771.18
2019-05-21,803164.98
2019-05-22,812926.86
2019-05-23,839494.78
2019-05-24,1057196.22
2019-05-25,946010.54
2019-05-26,886820.67
2019-05-27,1045138.68
2019-05-28,778832.97
2019-05-29,698019.54
2019-05-30,799268.95
2019-05-31,1371018.33
2019-06-01,1149110.33
2019-06-02,971936.94
2019-06-03,1092332.82
2019-06-04,911372.02
2019-06-05,982931.81
2019-06-06,887259.99
2019-06-07,1036692.58
2019-06-08,984636.38
2019-06-09,853248.33
2019-06-10,883421.96
2019-06-11,686358.5
2019-06-12,765373.11
2019-06-13,884422.32
2019-06-14,1402416.5
2019-06-15,1157289.85
2019-06-16,1028356.35
2019-06-17,1030537.75
2019-06-18,888479.54
2019-06-19,832364.99
2019-06-20,804466.33
2019-06-21,1014504.71
2019-06-22,921247.66
2019-06-23,786654.12
2019-06-24,839430.69
2019-06-25,682244.67
2019-06-26,627539.89
2019-06-27,736609.63
2019-06-28,1198585.48
2019-06-29,1257939.64
2019-06-30,1033483.02
2019-07-01,1130595.85
2019-07-02,1117144.08
2019-07-03,1135863.11
2019-07-04,1056350.62
2019-07-05,1237008.83
2019-07-06,1008936.58
2019-07-07,742186.87
2019-07-08,874897.5
2019-07-09,806556.86
2019-07-10,743555.56
2019-07-11,727903.54
2019-07-12,1060033.37
2019-07-13,1076830.05
2019-07-14,942478.39
2019-07-15,1044051.1
2019-07-16,969505.17
2019-07-17,955902.5
2019-07-18,893041.53
2019-07-19,1121217.34
2019-07-20,943111.5
2019-07-21,812701.97
2019-07-22,736581.75
2019-07-23,728598.65
2019-07-24,671283.8
2019-07-25,658529.24
2019-07-26,999820.95
2019-07-27,911084.11
2019-07-28,777618.66
2019-07-29,830677.78
2019-07-30,624242.73
2019-07-31,831514.0
2019-08-01,1255614.87
2019-08-02,1466283.22
2019-08-03,1234446.6
2019-08-04,991625.24
2019-08-05,1063054.68
2019-08-06,915175.16
2019-08-07,789728.99
2019-08-08,871282.01
2019-08-09,1098060.85
2019-08-10,1019288.95
2019-08-11,909294.66
2019-08-12,881834.72
2019-08-13,805129.53
2019-08-14,954040.76
2019-08-15,1154692.1
2019-08-16,1277638.17
2019-08-17,1180031.91
2019-08-18,1003960.18
2019-08-19,988116.13
2019-08-20,813369.93
2019-08-21,875033.7
2019-08-22,935515.14
2019-08-23,1130577.85
2019-08-24,1021317.54
2019-08-25,912954.07
2019-08-26,864519.2
2019-08-27,734429.42
2019-08-28,809043.33
2019-08-29,946486.67
2019-08-30,1544252.33
2019-08-31,1327932.96
2019-09-01,1174612.55
2019-09-02,1296799.8
2019-09-03,1121409.61
2019-09-04,903446.47
2019-09-05,960155.1
2019-09-06,1183303.17
2019-09-07,957222.41
2019-09-08,772488.14
2019-09-09,875685.74
2019-09-10,761496.47
2019-09-11,683375.02
2019-09-12,836045.2
2019-09-13,1225208.7
2019-09-14,828489.33
2019-09-15,689559.68
2019-09-16,751488.39
2019-09-17,1370457.04
2019-09-18,813276.7
2019-09-19,826411.46
2019-09-20,1066910.54
2019-09-21,961101.93
2019-09-22,819145.36
2019-09-23,880499.95
2019-09-24,703782.64
2019-09-25,681201.05
2019-09-26,632747.03
2019-09-27,865335.84
2019-09-28,994399.64
2019-09-29,783847.89
2019-09-30,839195.17
2019-10-01,1205261.45
2019-10-02,1118471.84
2019-10-03,993347.67
2019-10-04,1155331.44
2019-10-05,972648.66
2019-10-06,866266.21
2019-10-07,866144.71
2019-10-08,784431.13
2019-10-09,757788.22
2019-10-10,787609.72
2019-10-11,1009946.3
2019-10-12,1026041.26
2019-10-13,809717.68
2019-10-14,933958.56
2019-10-15,875244.64
2019-10-16,781140.84
2019-10-17,794535.11
2019-10-18,1077778.36
2019-10-19,855254.22
2019-10-20,789267.46
2019-10-21,785093.5
2019-10-22,708411.35
2019-10-23,697929.51
2019-10-24,758925.05
2019-10-25,840891.96
2019-10-26,800798.55
2019-10-27,656649.23
2019-10-28,720253.72
2019-10-29,645655.84
2019-10-30,638955.29
2019-10-31,762485.72
2019-11-01,1362111.19
2019-11-02,1095467.99
2019-11-03,956755.96
2019-11-04,1057570.84
2019-11-05,1027616.51
2019-11-06,861038.07
2019-11-07,858465.28
2019-11-08,1302641.7
2019-11-09,1058365.24
2019-11-10,1019572.28
2019-11-11,1029066.17
2019-11-12,863991.69
2019-11-13,705202.84
2019-11-14,816333.53
2019-11-15,1415709.63
2019-11-16,1124826.66
2019-11-17,970540.85
2019-11-18,997772.21
2019-11-19,842003.32
2019-11-20,736770.18
2019-11-21,919020.76
2019-11-22,1121504.47
2019-11-23,1328166.29
2019-11-24,1235203.9
2019-11-25,1215752.58
2019-11-26,1090346.06
2019-11-27,1640968.27
2019-11-28,3560376.31
2019-11-29,4776120.73
2019-11-30,2419933.5
2019-12-01,2092316.71
2019-12-02,2654939.72
2019-12-03,2068699.59
2019-12-04,1515095.17
2019-12-05,1392343.08
2019-12-06,1480300.05
2019-12-07,1196941.5
2019-12-08,1067289.97
2019-12-09,1162163.78
2019-12-10,1054602.15
2019-12-11,995780.25
2019-12-12,1249139.97
2019-12-13,1791478.87
2019-12-14,1731312.04
2019-12-15,1422811.08
2019-12-16,1544663.45
2019-12-17,1607857.2
2019-12-18,1535818.6
2019-12-19,1704590.07
2019-12-20,2092223.88
2019-12-21,2269551.67
2019-12-22,1946400.87
2019-12-23,2312363.81
2019-12-24,2286072.65
2019-12-25,564083.71
2019-12-26,1084500.31
2019-12-27,1402373.35
2019-12-28,1115733.08
2019-12-29,957981.65
2019-12-30,1103726.16
2019-12-31,1407835.64
2020-01-01,1141785.45
2020-01-02,1158517.97
2020-01-03,1303161.12
2020-01-04,1107370.46
2020-01-05,898762.0
2020-01-06,953179.97
2020-01-07,837182.85
2020-01-08,840800.62
2020-01-09,941179.72
2020-01-10,1094230.41
2020-01-11,1017792.64
2020-01-12,834402.11
2020-01-13,828550.59
2020-01-14,836562.42
2020-01-15,1051344.62
2020-01-16,1053314.23
2020-01-17,1279570.53
2020-01-18,982780.03
2020-01-19,881958.29
2020-01-20,880878.54
2020-01-21,877216.32
2020-01-22,821013.18
2020-01-23,795254.52
2020-01-24,958007.18
2020-01-25,879549.56
2020-01-26,787673.52
2020-01-27,764080.45
2020-01-28,769418.71
2020-01-29,757845.94
2020-01-30,892368.5
2020-01-31,1418384.95
2020-02-01,1377051.07
2020-02-02,1023193.51
2020-02-03,1139554.46
2020-02-04,865987.55
2020-02-05,996419.36
2020-02-06,1042173.19
2020-02-07,1287850.77
2020-02-08,1048547.17
2020-02-09,931142.43
2020-02-10,993614.51
2020-02-11,817535.59
2020-02-12,953359.06
2020-02-13,1174329.39
2020-02-14,1591140.06
2020-02-15,1191735.45
2020-02-16,1017649.03
2020-02-17,1123701.79
2020-02-18,1000269.69
2020-02-19,852610.8
2020-02-20,923395.74
2020-02-21,1320624.19
2020-02-22,1067061.61
2020-02-23,914686.57
2020-02-24,945628.45
2020-02-25,891075.98
2020-02-26,1516912.39
2020-02-27,1596241.0
2020-02-28,1977010.69
2020-02-29,1596084.1
2020-03-01,1352650.42
2020-03-02,1351668.46
2020-03-03,1194059.65
2020-03-04,1072913.82
2020-03-05,1225825.75
2020-03-06,1457267.24
2020-03-07,1140192.62
2020-03-08,963770.7
2020-03-09,1060925.99
2020-03-10,921401.12
2020-03-11,851187.58
2020-03-12,1123626.07
2020-03-13,1621443.22
2020-03-14,1369986.83
2020-03-15,1207757.82
2020-03-16,1303727.73
2020-03-17,1244895.81
2020-03-18,1206083.75
2020-03-19,1103057.67
2020-03-20,1271247.9
2020-03-21,937891.03
2020-03-22,689642.55
2020-03-23,878153.68
2020-03-24,745567.16
2020-03-25,733533.38
2020-03-26,790472.54
2020-03-27,865617.78
2020-03-28,684043.14
2020-03-29,562404.45
2020-03-30,742495.47
2020-03-31,816794.6
2020-04-01,1435609.29
2020-04-02,1317540.19
2020-04-03,1345101.75
2020-04-04,920465.29
2020-04-05,808783.48
2020-04-06,969734.45
2020-04-07,963140.3
2020-04-08,939640.67
2020-04-09,999834.58
2020-04-10,1161133.78
2020-04-11,667411.74
2020-04-12,485003.56
2020-04-13,795952.9
2020-04-14,1067020.53
2020-04-15,2948689.79
2020-04-16,2084212.1
2020-04-17,1936730.44
2020-04-18,1189347.56
2020-04-19,979339.03
2020-04-20,1255321.39
2020-04-21,1266483.49
2020-04-22,1131688.35
2020-04-23,1118630.51
2020-04-24,1213572.39
2020-04-25,786896.39
2020-04-26,722402.39
2020-04-27,872479.59
2020-04-28,989847.58
2020-04-29,972826.15
2020-04-30,1075805.63
2020-05-01,1931141.44
2020-05-02,1176300.06
2020-05-03,1027678.15
2020-05-04,1224780.28
2020-05-05,1402388.98
2020-05-06,1244302.02
2020-05-07,1157885.46
2020-05-08,1353397.57
2020-05-09,941381.58
2020-05-10,770660.31
2020-05-11,910570.27
2020-05-12,953948.88
2020-05-13,971429.24
2020-05-14,1028869.03
2020-05-15,1477076.98
2020-05-16,938118.56
2020-05-17,909718.32
2020-05-18,1023617.12
2020-05-19,1077545.47
2020-05-20,929566.76
2020-05-21,1064347.95
2020-05-22,1162400.98
2020-05-23,835072.97
2020-05-24,756485.43
2020-05-25,886239.27
2020-05-26,924510.47
2020-05-27,924923.66
2020-05-28,951570.76
2020-05-29,1282394.51
2020-05-30,1054267.3
2020-05-31,905810.54
2020-06-01,1010383.56
2020-06-02,1289285.08
2020-06-03,1014544.32
2020-06-04,972278.84
2020-06-05,1220406.19
2020-06-06,808136.87
2020-06-07,712897.1
2020-06-08,825694.11
2020-06-09,839998.06
2020-06-10,904065.32
2020-06-11,878416.53
2020-06-12,1125037.38
2020-06-13,996588.95
2020-06-14,865943.22
2020-06-15,1056541.03
2020-06-16,1191344.96
2020-06-17,1140679.68
2020-06-18,1154940.8
2020-06-19,1295650.61
2020-06-20,989831.8
2020-06-21,894737.39
2020-06-22,948989.21
2020-06-23,1008929.99
2020-06-24,953218.47
2020-06-25,889095.87
2020-06-26,1054801.36
2020-06-27,888862.21
2020-06-28,857905.79
2020-06-29,897719.87
2020-06-30,1030124.88
2020-07-01,1378832.95
2020-07-02,1541073.05
2020-07-03,1594159.84
2020-07-04,1015134.48
2020-07-05,902836.78
2020-07-06,977378.03
2020-07-07,996233.28
2020-07-08,964623.84
2020-07-09,1035315.61
2020-07-10,1167807.7
2020-07-11,1045668.06
2020-07-12,892086.1
2020-07-13,909509.65
2020-07-14,958315.23
2020-07-15,1113568.06
2020-07-16,1190027.16
2020-07-17,1317254.95
2020-07-18,1060767.97
2020-07-19,919228.63
2020-07-20,952773.98
2020-07-21,937677.9
2020-07-22,991266.85
2020-07-23,988263.92
2020-07-24,1260411.1
2020-07-25,967306.72
2020-07-26,875330.41
2020-07-27,940510.55
2020-07-28,958719.77
2020-07-29,917232.34
2020-07-30,1032998.37
2020-07-31,1596217.16
2020-08-01,1357337.46
2020-08-02,1220844.09
2020-08-03,1307098.46
2020-08-04,1154378.22
2020-08-05,1121948.98
2020-08-06,1175387.71
2020-08-07,1049573.3
2020-08-08,1249225.79
2020-08-09,982939.88
2020-08-10,1198907.95
2020-08-11,1427094.82
2020-08-12,1017882.16
2020-08-13,1214713.72
2020-08-14,1471988.17
2020-08-15,1241823.16
2020-08-16,1209681.24
2020-08-17,1236043.34
2020-08-18,1143954.72
2020-08-19,975473.25
2020-08-20,1053329.15
2020-08-21,1353823.23
2020-08-22,1114274.97
2020-08-23,1013871.11
2020-08-24,1014651.74
2020-08-25,903068.85
2020-08-26,870936.78
2020-08-27,923309.25
2020-08-28,1216792.74
2020-08-29,1141967.98
2020-08-30,932034.32
2020-08-31,1020544.9
2020-09-01,1399534.61
2020-09-02,1375296.51
2020-09-03,1223373.83
2020-09-04,1532901.27
2020-09-05,1225305.06
2020-09-06,1105252.82
2020-09-07,1254449.7
2020-09-08,1123950.49
2020-09-09,996318.07
2020-09-10,1032800.41
2020-09-11,1142813.25
2020-09-12,1034247.23
2020-09-13,859216.0
2020-09-14,981099.73
2020-09-15,1120369.02
2020-09-16,1050489.68
2020-09-17,1114329.58
2020-09-18,1334291.17
2020-09-19,1043893.91
2020-09-20,863553.0
2020-09-21,995953.15
2020-09-22,973367.6
2020-09-23,929009.42
2020-09-24,900366.57
2020-09-25,1037404.24
2020-09-26,966092.28
2020-09-27,796717.3
2020-09-28,894881.24
2020-09-29,858016.23
2020-09-30,922657.0
2020-10-01,1373044.75
2020-10-02,1655409.3
2020-10-03,1190814.06
2020-10-04,997561.1
2020-10-05,1095701.66
2020-10-06,996674.81
2020-10-07,861830.13
2020-10-08,919581.76
2020-10-09,1097071.4
2020-10-10,959072.1
2020-10-11,934064.43
2020-10-12,1027445.56
2020-10-13,1113692.48
2020-10-14,1272941.95
2020-10-15,1282987.71
2020-10-16,1454810.12
2020-10-17,1091930.54
2020-10-18,988102.64
2020-10-19,1036001.75
2020-10-20,897898.39
2020-10-21,897825.18
2020-10-22,960097.99
2020-10-23,1145478.13
2020-10-24,959972.8
2020-10-25,817179.05
2020-10-26,844188.27
2020-10-27,762599.68
2020-10-28,796585.36
2020-10-29,1128587.88
2020-10-30,1636832.92
2020-10-31,1410372.65
2020-11-01,1281007.18
2020-11-02,1275368.37
2020-11-03,1113771.13
2020-11-04,985920.48
2020-11-05,1101548.41
2020-11-06,1289799.97
2020-11-07,1170153.37
2020-11-08,960873.61
2020-11-09,1209859.29
2020-11-10,1295317.8
2020-11-11,1352799.69
2020-11-12,1229696.62
2020-11-13,1743226.12
2020-11-14,1473108.69
2020-11-15,1216144.62
2020-11-16,1379890.67
2020-11-17,1331474.74
2020-11-18,1180076.91
2020-11-19,1075545.55
2020-11-20,1423810.93
2020-11-21,1444659.32
2020-11-22,1635801.57
2020-11-23,1607184.96
2020-11-24,1496561.08
2020-11-25,1708087.31
2020-11-26,1726578.15
2020-11-27,2987179.6
2020-11-28,2371560.01
2020-11-29,1920051.56
2020-11-30,2335126.36
2020-12-01,2796428.63
2020-12-02,2144466.52
2020-12-03,1730078.25
2020-12-04,1804874.84
2020-12-05,1461785.05
2020-12-06,1258414.14
2020-12-07,1481575.86
2020-12-08,1603263.48
2020-12-09,1362511.25
2020-12-10,1270715.31
2020-12-11,1747850.24
2020-12-12,1622256.12
2020-12-13,1402053.67
2020-12-14,1563542.6
2020-12-15,1600132.39
2020-12-16,1872650.98
2020-12-17,1742033.65
2020-12-18,1969831.9
2020-12-19,2128613.7
2020-12-20,1873094.09
2020-12-21,2050955.87
2020-12-22,1840409.41
2020-12-23,2350530.79
2020-12-24,2277470.55
2020-12-25,814822.75
2020-12-26,1186970.66
2020-12-27,888090.79
2020-12-28,1144206.31
2020-12-29,1316126.3
2020-12-30,1136202.99
2020-12-31,2225882.83
2021-01-01,1572598.85
2021-01-02,1600009.38
2021-01-03,1388323.99
2021-01-04,1575099.94
2021-01-05,1564344.33
2021-01-06,1282596.13
2021-01-07,1164518.2
2021-01-08,1674412.24
2021-01-09,1437624.93
2021-01-10,1181929.54
2021-01-11,1296780.43
2021-01-12,1111413.93
2021-01-13,1125056.18
2021-01-14,1216146.23
2021-01-15,1582227.1
2021-01-16,1217144.74
2021-01-17,1087107.78
2021-01-18,1225171.94
2021-01-19,1139043.81
2021-01-20,915801.24
2021-01-21,1006600.69
2021-01-22,1420005.3
2021-01-23,1119595.55
2021-01-24,899197.3
2021-01-25,929505.35
2021-01-26,882608.29
2021-01-27,844529.13
2021-01-28,1117303.43
2021-01-29,1182234.65
2021-01-30,1367277.8
2021-01-31,1173305.12
2021-02-01,1270445.82
2021-02-02,1295832.1
2021-02-03,1088275.54
2021-02-04,1094470.01
2021-02-05,1428937.73
2021-02-06,1165355.66
2021-02-07,955714.54
2021-02-08,1125045.63
2021-02-09,991628.33
2021-02-10,948291.71
2021-02-11,998980.14
2021-02-12,1578791.45
2021-02-13,1138141.47
2021-02-14,996135.11
2021-02-15,1130643.2
2021-02-16,992916.74
2021-02-17,865355.46
2021-02-18,891045.57
2021-02-19,1177761.22
2021-02-20,1237603.41
2021-02-21,1120625.84
2021-02-22,1116856.53
2021-02-23,1118524.61
2021-02-24,1267966.19
2021-02-25,1483960.47
2021-02-26,1653020.61
2021-02-27,1635805.81
2021-02-28,1367989.05
2021-03-01,1459216.6
2021-03-02,1384931.83
2021-03-03,1501240.25
2021-03-04,1419283.29
2021-03-05,1718016.42
2021-03-06,1306856.39
2021-03-07,1042636.15
2021-03-08,1164353.37
2021-03-09,1064330.37
2021-03-10,990588.09
2021-03-11,1214554.97
2021-03-12,1536659.27
2021-03-13,1352373.63
2021-03-14,1258593.52
2021-03-15,1311465.22
2021-03-16,1910266.72
2021-03-17,3286704.17
2021-03-18,2441537.35
2021-03-19,2416340.98
2021-03-20,1674800.38
2021-03-21,1485970.32
2021-03-22,1565464.17
2021-03-23,1225081.99
2021-03-24,1594599.59
2021-03-25,1267007.53
2021-03-26,1426361.8
2021-03-27,1315924.3
2021-03-28,1159324.31
2021-03-29,1213704.8
2021-03-30,1029027.27
2021-03-31,1319508.6
2021-04-01,1729465.57
2021-04-02,1981751.52
2021-04-03,1159961.5
2021-04-04,872051.35
2021-04-05,1226374.8
2021-04-06,1334644.75
2021-04-07,1164376.89
2021-04-08,1221689.7
2021-04-09,1268070.06
2021-04-10,1246528.19
2021-04-11,1040056.24
2021-04-12,1117380.33
2021-04-13,939110.99
2021-04-14,1098813.82
2021-04-15,1291223.29
2021-04-16,1466605.03
2021-04-17,1264900.89
2021-04-18,1032429.08
2021-04-19,1204817.28
2021-04-20,940266.43
2021-04-21,1151457.87
2021-04-22,963042.53
2021-04-23,1247895.74
2021-04-24,987279.87
2021-04-25,775465.06
2021-04-26,914335.48
2021-04-27,899352.35
2021-04-28,958166.73
2021-04-29,1074924.37
2021-04-30,1494878.61
2021-05-01,1357277.95
2021-05-02,1150437.53
2021-05-03,1317657.75
2021-05-04,1167241.06
2021-05-05,1269246.72
2021-05-06,1173223.38
2021-05-07,1288652.47
2021-05-08,1130541.66
2021-05-09,984419.12
2021-05-10,1007913.29
2021-05-11,880747.38
2021-05-12,856271.96
2021-05-13,1123410.96
2021-05-14,1343755.27
2021-05-15,1194757.57
2021-05-16,997500.63
2021-05-17,1044708.65
2021-05-18,1089440.7
2021-05-19,965042.22
2021-05-20,943209.05
2021-05-21,1325789.4
2021-05-22,1091034.31
2021-05-23,903872.92
2021-05-24,1062437.14
2021-05-25,891511.6
2021-05-26,912673.08
2021-05-27,967023.36
2021-05-28,1375007.6
2021-05-29,1464905.65
2021-05-30,1234690.73
2021-05-31,1392559.2
2021-06-01,1221837.65
2021-06-02,1329167.5
2021-06-03,1393570.74
2021-06-04,1172944.46
2021-06-05,1050380.96
2021-06-06,933732.71
2021-06-07,1053318.18
2021-06-08,1006799.61
2021-06-09,1162943.44
2021-06-10,1013696.35
2021-06-11,1318791.27
2021-06-12,1030515.67
2021-06-13,937783.46
2021-06-14,1080044.03
2021-06-15,1167571.31
2021-06-16,1190544.65
2021-06-17,1119422.01
2021-06-18,1289142.3
2021-06-19,1115372.68
2021-06-20,1061352.8
2021-06-21,1143227.05
2021-06-22,1041306.95
2021-06-23,1088676.88
2021-06-24,985009.46
2021-06-25,1072129.8
2021-06-26,956906.6
2021-06-27,823146.45
2021-06-28,879092.61
2021-06-29,1025235.51
2021-06-30,1148018.6
2021-07-01,1438503.25
2021-07-02,1764485.64
2021-07-03,1222620.12
2021-07-04,961340.35
2021-07-05,1195439.34
2021-07-06,1067604.12
2021-07-07,987883.1
2021-07-08,1053044.44
2021-07-09,1216966.24
2021-07-10,1032807.33
2021-07-11,874446.53
2021-07-12,971687.09
2021-07-13,1037767.01
2021-07-14,1030506.43
2021-07-15,1239246.5
2021-07-16,1421614.51
2021-07-17,1146661.75
2021-07-18,1014387.85
2021-07-19,1072691.58
2021-07-20,1146989.06
2021-07-21,1023155.04
2021-07-22,1059151.9
2021-07-23,1195282.91
2021-07-24,1141145.43
2021-07-25,968358.63
2021-07-26,954130.5
2021-07-27,932250.24
2021-07-28,893405.12
2021-07-29,1124795.77
2021-07-30,1481283.37
2021-07-31,1309371.62
2021-08-01,1177071.24
2021-08-02,1299389.35
2021-08-03,1190869.08
2021-08-04,1024282.87
2021-08-05,1112157.17
2021-08-06,1270625.16
2021-08-07,977440.76
2021-08-08,940482.78
2021-08-09,928122.99
2021-08-10,1530766.73
2021-08-11,965993.08
2021-08-12,1098177.76
2021-08-13,1513774.21
2021-08-14,1318890.85
2021-08-15,1109180.09
2021-08-16,1247194.01
2021-08-17,1077715.56
2021-08-18,1147767.71
2021-08-19,1133714.99
2021-08-20,1264100.7
2021-08-21,1245738.47
2021-08-22,1058372.14
2021-08-23,1118904.76
2021-08-24,874408.32
2021-08-25,955490.15
2021-08-26,1002002.87
2021-08-27,1029263.3
2021-08-28,1073893.49
2021-08-29,956455.86
2021-08-30,1003114.94
2021-08-31,1014785.8
2021-09-01,1341878.11
2021-09-02,1504996.8
2021-09-03,1614252.29
2021-09-04,1278745.76
2021-09-05,1089434.76
2021-09-06,1330016.44
2021-09-07,1065561.42
2021-09-08,1001345.23
2021-09-09,939462.41
2021-09-10,1182070.13
2021-09-11,998379.45
2021-09-12,868271.93
2021-09-13,934097.96
2021-09-14,964373.6
2021-09-15,1141975.21
2021-09-16,1155943.73
2021-09-17,1275917.9
2021-09-18,1011058.56
2021-09-19,852293.31
2021-09-20,973769.2
2021-09-21,926339.72
2021-09-22,958437.98
2021-09-23,1128033.4
2021-09-24,1060817.85
2021-09-25,940494.42
2021-09-26,778522.81
2021-09-27,861326.91
2021-09-28,801917.1
2021-09-29,836596.2
2021-09-30,996426.52
2021-10-01,1712467.25
2021-10-02,1309109.94
2021-10-03,1131017.78
2021-10-04,1276302.02
2021-10-05,1127396.13
2021-10-06,1030466.44
2021-10-07,1154562.46
2021-10-08,1181008.89
2021-10-09,1019456.99
2021-10-10,911526.79
2021-10-11,981267.24
2021-10-12,961238.3
2021-10-13,983347.37
2021-10-14,1003871.77
2021-10-15,1476403.87
2021-10-16,1118964.04
2021-10-17,1121290.75
2021-10-18,1068714.29
2021-10-19,1044759.73
2021-10-20,991842.96
2021-10-21,948670.26
2021-10-22,1225913.56
2021-10-23,1025464.79
2021-10-24,873238.46
2021-10-25,954763.4
2021-10-26,853772.16
2021-10-27,909801.45
2021-10-28,930792.49
2021-10-29,1325749.66
2021-10-30,1225732.03
2021-10-31,1067428.33
2021-11-01,1164445.05
2021-11-02,1468103.79
2021-11-03,1237832.22
2021-11-04,1185693.7
2021-11-05,1441358.57
2021-11-06,1175176.67
2021-11-07,1041247.28
2021-11-08,1121714.3
2021-11-09,1022784.54
2021-11-10,967744.83
2021-11-11,1343745.37
2021-11-12,1482751.91
2021-11-13,1376608.22
2021-11-14,1110260.14
2021-11-15,1212400.05
2021-11-16,1120344.8
2021-11-17,1188188.59
2021-11-18,1187804.06
2021-11-19,1489233.64
2021-11-20,1408990.78
2021-11-21,1397945.65
2021-11-22,1409729.1
2021-11-23,1466095.83
2021-11-24,1828730.41
2021-11-25,1459303.08
2021-11-26,3122575.49
2021-11-27,1854736.1
2021-11-28,1566700.68
2021-11-29,1951686.95
2021-11-30,1715189.65
2021-12-01,1694040.86
2021-12-02,1718317.81
2021-12-03,1657067.08
2021-12-04,1311218.69
2021-12-05,1216160.6
2021-12-06,1281358.52
2021-12-07,1188816.58
2021-12-08,1250487.49
2021-12-09,1391393.94
2021-12-10,1671608.56
2021-12-11,1485755.28
2021-12-12,1285307.88
2021-12-13,1395077.0
2021-12-14,1438911.15
2021-12-15,1707629.65
2021-12-16,1707772.63
2021-12-17,2058587.67
2021-12-18,1947073.91
2021-12-19,1633727.5
2021-12-20,1873292.9
2021-12-21,1900274.35
2021-12-22,2039687.76
2021-12-23,2341501.54
2021-12-24,2078148.53
2021-12-25,622611.68
2021-12-26,961627.71
2021-12-27,999722.57
2021-12-28,1164296.72
2021-12-29,1246791.02
2021-12-30,1532303.91
2021-12-31,1750154.67
2022-01-01,1175229.21
2022-01-02,1063426.23
2022-01-03,1290982.31
2022-01-04,1187559.33
2022-01-05,1192954.58
2022-01-06,1101575.56
2022-01-07,1186949.59
2022-01-08,1129749.68
2022-01-09,991856.5
2022-01-10,1073510.27
2022-01-11,903254.7
2022-01-12,1003759.82
2022-01-13,1075845.21
2022-01-14,1480883.34
2022-01-15,1142494.62
2022-01-16,981974.02
2022-01-17,1150831.24
2022-01-18,1070636.77
2022-01-19,933110.61
2022-01-20,935831.87
2022-01-21,1299359.38
2022-01-22,1134958.18
2022-01-23,903301.36
2022-01-24,985533.28
2022-01-25,834451.96
2022-01-26,813049.09
2022-01-27,895261.31
2022-01-28,1076491.4
2022-01-29,972388.69
2022-01-30,878974.28
2022-01-31,896901.5
2022-02-01,1280413.85
2022-02-02,1440272.99
2022-02-03,1067009.28
2022-02-04,1240913.62
2022-02-05,1268189.62
2022-02-06,1027215.11
2022-02-07,1107810.52
2022-02-08,1006114.01
2022-02-09,1113785.48
2022-02-10,1122178.15
2022-02-11,1213079.3
2022-02-12,1175766.61
2022-02-13,954140.54
2022-02-14,1038044.63
2022-02-15,1069043.08
2022-02-16,1084453.72
2022-02-17,1161794.82
2022-02-18,1429106.58
2022-02-19,1183781.93
2022-02-20,978050.05
2022-02-21,1201169.24
2022-02-22,1016263.97
2022-02-23,910116.23
2022-02-24,1204127.52
2022-02-25,1337514.27
2022-02-26,1204660.37
2022-02-27,1061954.2
2022-02-28,1075367.85
2022-03-01,1558621.18
2022-03-02,1608075.3
2022-03-03,1328108.72
2022-03-04,1528571.96
2022-03-05,1249779.51
2022-03-06,1079944.01
2022-03-07,1122428.9
2022-03-08,1101440.03
2022-03-09,1116859.15
2022-03-10,1026702.37
2022-03-11,1442412.86
2022-03-12,1135202.11
2022-03-13,992702.66
2022-03-14,1002078.32
2022-03-15,1174262.78
2022-03-16,1219105.38
2022-03-17,1238875.95
2022-03-18,1376279.8
2022-03-19,1074192.15
2022-03-20,971797.69
2022-03-21,1071964.34
2022-03-22,908356.17
2022-03-23,923348.46
2022-03-24,994286.06
2022-03-25,1046094.15
2022-03-26,968199.22
2022-03-27,860168.32
2022-03-28,892601.37
2022-03-29,864219.86
2022-03-30,790505.49
2022-03-31,986663.96
2022-04-01,1637334.51
2022-04-02,1298943.04
2022-04-03,1122868.75
2022-04-04,1222460.01
2022-04-05,1111243.78
2022-04-06,988388.99
2022-04-07,1010430.7
2022-04-08,1186359.46
2022-04-09,1027235.57
2022-04-10,941454.57
2022-04-11,923725.04
2022-04-12,934825.09
2022-04-13,891488.98
2022-04-14,967120.09
2022-04-15,1496445.69
2022-04-16,1045576.63
2022-04-17,679612.25
2022-04-18,1036267.27
2022-04-19,973239.31
2022-04-20,912680.91
2022-04-21,987167.75
2022-04-22,1077034.43
2022-04-23,898486.55
2022-04-24,786192.48
2022-04-25,888104.1
2022-04-26,741395.66
2022-04-27,828385.9
2022-04-28,962987.36
2022-04-29,1469290.83
2022-04-30,1227579.49
2022-05-01,1054402.35
2022-05-02,1158691.49
2022-05-03,1116497.18
2022-05-04,996896.76
2022-05-05,1068851.61
2022-05-06,1253537.99
2022-05-07,1001725.26
2022-05-08,903904.38
2022-05-09,900396.52
2022-05-10,789587.33
2022-05-11,799483.21
2022-05-12,828827.35
2022-05-13,1265273.22
2022-05-14,1027913.25
2022-05-15,953441.42
2022-05-16,978066.33
2022-05-17,935289.0
2022-05-18,909499.43
2022-05-19,877510.57
2022-05-20,943633.57
2022-05-21,927223.1
2022-05-22,872107.47
2022-05-23,855023.53
2022-05-24,849252.48
2022-05-25,741811.7
2022-05-26,779966.64
2022-05-27,1120012.46
2022-05-28,976575.44
2022-05-29,869949.56
2022-05-30,997109.05
2022-05-31,866758.95
2022-06-01,1351467.41
2022-06-02,1306869.41
2022-06-03,1211355.84
2022-06-04,941471.63
2022-06-05,831850.81
2022-06-06,952894.66
2022-06-07,815525.8
2022-06-08,851617.77
2022-06-09,914828.79
2022-06-10,1125882.26
2022-06-11,924521.41
2022-06-12,817360.57
2022-06-13,913211.91
2022-06-14,876958.27
2022-06-15,1031293.08
2022-06-16,1092917.52
2022-06-17,1272391.93
2022-06-18,923094.75
2022-06-19,768550.09
2022-06-20,1005266.65
2022-06-21,843040.57
2022-06-22,827160.23
2022-06-23,896262.04
2022-06-24,1093461.52
2022-06-25,801819.73
2022-06-26,716921.46
2022-06-27,738263.13
2022-06-28,728577.14
2022-06-29,880009.09
2022-06-30,955676.03
2022-07-01,1609889.92
2022-07-02,1168823.3
2022-07-03,996929.55
2022-07-04,1096829.52
2022-07-05,1051977.73
2022-07-06,971386.1
2022-07-07,887675.45
2022-07-08,1263965.48
2022-07-09,930497.38
2022-07-10,853383.45
2022-07-11,901842.51
2022-07-12,922588.65
2022-07-13,1030117.49
2022-07-14,971337.45
2022-07-15,1328705.41
2022-07-16,1080033.05
2022-07-17,894032.18
2022-07-18,942795.75
2022-07-19,838661.64
2022-07-20,756750.76
2022-07-21,953503.53
2022-07-22,1084579.48
2022-07-23,948344.63
2022-07-24,775122.07
2022-07-25,860715.5
2022-07-26,766844.8
2022-07-27,769784.69
2022-07-28,857393.08
2022-07-29,1162993.63
2022-07-30,1141701.43
2022-07-31,1000876.29
2022-08-01,1102338.55
2022-08-02,1327630.82
2022-08-03,1026359.15
2022-08-04,949885.63
2022-08-05,1316192.1
2022-08-06,871345.24
2022-08-07,819659.9
2022-08-08,844415.54
2022-08-09,1293088.34
2022-08-10,888508.98
2022-08-11,896136.05
2022-08-12,1145277.41
2022-08-13,1114535.07
2022-08-14,1023470.68
2022-08-15,1098690.34
2022-08-16,960525.31
2022-08-17,867987.76
2022-08-18,940375.12
2022-08-19,1183822.08
2022-08-20,1021400.29
2022-08-21,927285.65
2022-08-22,972248.83
2022-08-23,830134.09
2022-08-24,901677.72
2022-08-25,785069.3
2022-08-26,930464.52
2022-08-27,882643.91
2022-08-28,827162.21
2022-08-29,844430.66
2022-08-30,751635.08
2022-08-31,867088.58
2022-09-01,1369336.15
2022-09-02,1761597.43
2022-09-03,1258466.81
2022-09-04,1053319.67
2022-09-05,1219129.72
2022-09-06,1067007.92
2022-09-07,925724.23
2022-09-08,928549.54
2022-09-09,1114307.69
2022-09-10,867510.13
2022-09-11,795574.11
2022-09-12,803080.66
2022-09-13,738515.37
2022-09-14,848831.37
2022-09-15,1013656.72
2022-09-16,1254526.07
2022-09-17,1026652.86
2022-09-18,888124.65
2022-09-19,942196.79
2022-09-20,745158.72
2022-09-21,962898.92
2022-09-22,809062.53
2022-09-23,1057948.88
2022-09-24,755064.67
2022-09-25,741338.19
2022-09-26,728751.47
2022-09-27,682144.15
2022-09-28,674921.74
2022-09-29,759014.51
2022-09-30,1339007.63
2022-10-01,1246447.76
2022-10-02,995009.18
2022-10-03,1093053.35
2022-10-04,910778.83
2022-10-05,1012114.6
2022-10-06,924649.31
2022-10-07,1005227.57
2022-10-08,853268.51
2022-10-09,751446.51
2022-10-10,831452.22
2022-10-11,819722.57
2022-10-12,869573.11
2022-10-13,959203.46
2022-10-14,1216774.55
2022-10-15,951388.1
2022-10-16,843769.63
2022-10-17,872637.68
2022-10-18,735417.88
2022-10-19,794246.41
2022-10-20,716931.38
2022-10-21,907088.46
2022-10-22,834043.88
2022-10-23,756272.17
2022-10-24,713345.47
2022-10-25,622374.24
2022-10-26,671534.41
2022-10-27,680814.11
2022-10-28,982794.2
2022-10-29,954229.07
2022-10-30,772063.94
2022-10-31,837717.69
2022-11-01,1176635.02
2022-11-02,1170661.51
2022-11-03,1140304.65
2022-11-04,1150311.19
2022-11-05,1056569.45
2022-11-06,929486.33
2022-11-07,935813.3
2022-11-08,856012.57
2022-11-09,929111.99
2022-11-10,1108631.7
2022-11-11,1090612.43
2022-11-12,943750.72
2022-11-13,899594.46
2022-11-14,948209.1
2022-11-15,1043663.39
2022-11-16,1031687.3
2022-11-17,1077711.31
2022-11-18,1321580.95
2022-11-19,1229050.62
2022-11-20,1140093.72
2022-11-21,1278513.71
2022-11-22,1257154.79
2022-11-23,1600687.34
2022-11-24,1296510.98
2022-11-25,2967885.43
2022-11-26,1884227.44
2022-11-27,1469521.73
2022-11-28,1851512.2
2022-11-29,1436601.1
2022-11-30,1206155.28
2022-12-01,1468648.58
2022-12-02,1704368.78
2022-12-03,1182080.1
2022-12-04,1106990.17
2022-12-05,1216252.31
2022-12-06,1086740.17
2022-12-07,1024620.77
2022-12-08,1157654.15
2022-12-09,1473138.85
2022-12-10,1210413.14
2022-12-11,1095666.23
2022-12-12,1198356.99
2022-12-13,1142581.09
2022-12-14,1202751.47
2022-12-15,1506333.52
2022-12-16,1649635.59
2022-12-17,1645876.85
2022-12-18,1448545.45
2022-12-19,1653897.61
2022-12-20,1576179.63
2022-12-21,1739913.39
2022-12-22,1881863.34
2022-12-23,2073246.26
2022-12-24,1107903.05
2022-12-25,666702.53
2022-12-26,1114269.16
2022-12-27,1008763.83
2022-12-28,1153728.32
2022-12-29,1442311.95
2022-12-30,1671425.95
2022-12-31,1111556.27
2023-01-01,890196.54
2023-01-02,1145938.47
2023-01-03,1092304.35
2023-01-04,996415.12
2023-01-05,1146169.37
2023-01-06,1299310.87
2023-01-07,947905.3
2023-01-08,839578.4
2023-01-09,932249.51
2023-01-10,835702.97
2023-01-11,869155.98
2023-01-12,1034510.12
2023-01-13,1276060.46
2023-01-14,1064620.12
2023-01-15,897442.83
2023-01-16,1092695.78
2023-01-17,955365.53
2023-01-18,816688.51
2023-01-19,897012.55
2023-01-20,1028908.32
2023-01-21,965765.52
2023-01-22,760549.82
2023-01-23,849011.18
2023-01-24,714077.11
2023-01-25,666772.78
2023-01-26,681861.24
2023-01-27,897317.08
2023-01-28,850890.72
2023-01-29,727266.14
2023-01-30,815734.63
2023-01-31,1039828.97
2023-02-01,1075971.85
2023-02-02,1336248.58
2023-02-03,1276074.32
2023-02-04,1104243.69
2023-02-05,970278.31
2023-02-06,928051.86
2023-02-07,871640.12
2023-02-08,922613.35
2023-02-09,997900.15
2023-02-10,1129650.72
2023-02-11,991072.12
2023-02-12,809652.69
2023-02-13,850868.71
2023-02-14,1002751.72
2023-02-15,967894.41
2023-02-16,1115112.65
2023-02-17,1406227.58
2023-02-18,1089565.43
2023-02-19,956775.11
2023-02-20,1110468.65
2023-02-21,904001.63
2023-02-22,989285.83
2023-02-23,1000763.65
2023-02-24,1281621.75
2023-02-25,919884.35
2023-02-26,837620.55
2023-02-27,901115.15
2023-02-28,1304427.23
2023-03-01,1390440.38
2023-03-02,1366474.49
2023-03-03,1467298.2
2023-03-04,1059372.46
2023-03-05,881656.02
2023-03-06,947446.25
2023-03-07,1095566.07
2023-03-08,918253.83
2023-03-09,938107.18
2023-03-10,1097162.33
2023-03-11,949276.42
2023-03-12,818561.23
2023-03-13,860399.79
2023-03-14,969913.06
2023-03-15,1065847.49
2023-03-16,1068536.59
2023-03-17,1268945.18
2023-03-18,1001807.65
2023-03-19,893896.2
2023-03-20,945922.26
2023-03-21,838392.92
2023-03-22,745061.0
2023-03-23,861298.3
2023-03-24,918047.01
2023-03-25,801762.37
2023-03-26,637307.58
2023-03-27,685865.69
2023-03-28,692229.46
2023-03-29,798697.72
2023-03-30,1048448.8
2023-03-31,1264859.98
2023-04-01,1140877.12
2023-04-02,977441.02
2023-04-03,1080388.52
2023-04-04,848989.74
2023-04-05,939333.4
2023-04-06,893252.84
2023-04-07,997510.9
2023-04-08,805949.84
2023-04-09,554654.65
2023-04-10,826938.12
2023-04-11,776951.1
2023-04-12,878050.51
2023-04-13,925370.89
2023-04-14,1136402.67
2023-04-15,963876.27
2023-04-16,821429.05
2023-04-17,869543.93
2023-04-18,857696.96
2023-04-19,777341.6
2023-04-20,675708.19
2023-04-21,946488.08
2023-04-22,824234.83
2023-04-23,744457.15
2023-04-24,744673.1
2023-04-25,593129.04
2023-04-26,613129.49
2023-04-27,928832.51
2023-04-28,1288003.47
2023-04-29,1089979.58
2023-04-30,887807.97
2023-05-01,978525.41
2023-05-02,1127601.01
2023-05-03,971802.53
2023-05-04,893072.61
2023-05-05,1064018.9
2023-05-06,834921.47
2023-05-07,717902.82
2023-05-08,787220.96
2023-05-09,752212.42
2023-05-10,806507.1
2023-05-11,940412.28
2023-05-12,1303633.13
2023-05-13,1041755.76
2023-05-14,914165.44
2023-05-15,947072.77
2023-05-16,835296.91
2023-05-17,842511.51
2023-05-18,774954.81
2023-05-19,1016411.58
2023-05-20,808522.38
2023-05-21,732384.96
2023-05-22,751675.81
2023-05-23,728238.24
2023-05-24,725145.9
2023-05-25,682130.36
2023-05-26,932521.54
2023-05-27,870154.79
2023-05-28,826799.53
2023-05-29,853277.52
2023-05-30,754996.23
2023-05-31,989821.51
2023-06-01,1137223.23
2023-06-02,1381835.82
2023-06-03,913802.13
2023-06-04,875597.5
2023-06-05,952840.43
2023-06-06,827461.61
2023-06-07,848864.63
2023-06-08,882795.16
2023-06-09,1079454.21
2023-06-10,847344.11
2023-06-11,762248.42
2023-06-12,803828.72
2023-06-13,872841.71
2023-06-14,918316.33
2023-06-15,1073141.67
2023-06-16,1191426.46
2023-06-17,940616.41
2023-06-18,836006.47
2023-06-19,872270.25
2023-06-20,803350.66
2023-06-21,829172.99
2023-06-22,856967.12
2023-06-23,1093999.48
2023-06-24,744466.02
2023-06-25,691977.43
2023-06-26,705075.7
2023-06-27,600772.83
2023-06-28,836496.26
2023-06-29,1098501.52
2023-06-30,1252046.81
2023-07-01,1140251.38
2023-07-02,1063373.26
2023-07-03,1167910.7
2023-07-04,809481.1
2023-07-05,822484.89
2023-07-06,799586.18
2023-07-07,1033669.08
2023-07-08,898955.09
2023-07-09,757434.79
2023-07-10,858100.59
2023-07-11,827910.51
2023-07-12,1015869.85
2023-07-13,995439.38
2023-07-14,1062728.47
2023-07-15,902976.7
2023-07-16,798456.88
2023-07-17,865229.66
2023-07-18,787999.54
2023-07-19,788759.03
2023-07-20,798987.45
2023-07-21,980221.08
2023-07-22,847620.0
2023-07-23,744283.52
2023-07-24,806605.94
2023-07-25,681799.26
2023-07-26,690109.78
2023-07-27,708804.02
2023-07-28,1017815.95
2023-07-29,1000578.05
2023-07-30,885193.67
2023-07-31,995328.41
2023-08-01,950131.38
2023-08-02,1104589.29
2023-08-03,1017709.54
2023-08-04,1015853.16
2023-08-05,814422.77
2023-08-06,697822.12
2023-08-07,747796.9
2023-08-08,1252974.71
2023-08-09,865255.71
2023-08-10,784333.95
2023-08-11,944713.28
2023-08-12,1042053.57
2023-08-13,922978.6
2023-08-14,1068272.63
2023-08-15,920820.48
2023-08-16,837653.29
2023-08-17,977872.52
2023-08-18,1230643.01
2023-08-19,942361.86
2023-08-20,816994.86
2023-08-21,838683.48
2023-08-22,792943.06
2023-08-23,819221.66
2023-08-24,790861.06
2023-08-25,818308.06
2023-08-26,795858.54
2023-08-27,717886.04
2023-08-28,805686.52
2023-08-29,733580.54
2023-08-30,784591.71
2023-08-31,1191373.69
2023-09-01,1496988.22
2023-09-02,1179555.44
2023-09-03,1035857.28
2023-09-04,1159689.37
2023-09-05,1016400.03
2023-09-06,854084.61
2023-09-07,812528.96
2023-09-08,1043507.82
2023-09-09,828804.14
2023-09-10,680248.84
2023-09-11,744411.31
2023-09-12,722515.45
2023-09-13,777581.35
2023-09-14,897255.08
2023-09-15,1187685.82
2023-09-16,944978.66
2023-09-17,774418.31
2023-09-18,846073.41
2023-09-19,758075.92
2023-09-20,690355.58
2023-09-21,838574.99
2023-09-22,920649.88
2023-09-23,762741.28
2023-09-24,653080.99
2023-09-25,714239.41
2023-09-26,573735.99
2023-09-27,616277.26
2023-09-28,1051806.78
2023-09-29,1177946.61
2023-09-30,1011961.04
2023-10-01,872915.72
2023-10-02,932107.66
2023-10-03,911999.91
2023-10-04,765302.01
2023-10-05,850165.26
2023-10-06,1006012.35
2023-10-07,790532.21
2023-10-08,729532.16
2023-10-09,744101.11
2023-10-10,689583.53
2023-10-11,763084.47
2023-10-12,874580.57
2023-10-13,1081013.26
2023-10-14,872742.41
2023-10-15,781342.03
2023-10-16,835970.92
2023-10-17,773267.02
2023-10-18,774183.68
2023-10-19,764880.39
2023-10-20,813663.6
2023-10-21,776774.09
2023-10-22,684832.71
2023-10-23,730840.84
2023-10-24,619934.08
2023-10-25,576960.04
2023-10-26,644601.26
2023-10-27,717081.43
2023-10-28,791389.94
2023-10-29,714334.98
2023-10-30,827477.49
2023-10-31,946811.78
2023-11-01,947679.18
2023-11-02,1210042.19
2023-11-03,1161992.32
2023-11-04,888774.3
2023-11-05,795049.22
2023-11-06,824616.67
2023-11-07,740416.11
2023-11-08,821317.61
2023-11-09,903875.59
2023-11-10,1172709.43
2023-11-11,887334.47
2023-11-12,791616.41
2023-11-13,859807.65
2023-11-14,856144.0
2023-11-15,868898.78
2023-11-16,1034764.01
2023-11-17,1138538.31
2023-11-18,1107824.03
2023-11-19,1093621.87
2023-11-20,1142657.61
2023-11-21,1214694.26
2023-11-22,1520125.33
2023-11-23,1209764.1
2023-11-24,2857625.93
2023-11-25,1659049.59
2023-11-26,1407534.52
2023-11-27,1687226.78
2023-11-28,1293828.41
2023-11-29,1221888.17
2023-11-30,1225614.63
2023-12-01,1369047.22
2023-12-02,1203560.07
2023-12-03,1065080.86
2023-12-04,1162295.79
2023-12-05,1023683.59
2023-12-06,966002.69
2023-12-07,888586.01
2023-12-08,1282089.39
2023-12-09,1116150.3
2023-12-10,1011111.27
2023-12-11,1059351.18
2023-12-12,968837.76
2023-12-13,1043706.85
2023-12-14,1191992.86
2023-12-15,1641827.11
2023-12-16,1408166.28
2023-12-17,1309987.29
2023-12-18,1465928.75
2023-12-19,1361420.0
2023-12-20,1401283.67
2023-12-21,1742424.8
2023-12-22,2061062.16
2023-12-23,1367638.7
2023-12-24,1030766.19
2023-12-25,819679.76
2023-12-26,1135226.0
2023-12-27,993020.27
2023-12-28,1313720.76
2023-12-29,1533601.23
2023-12-30,955686.85
2023-12-31,855427.23
2024-01-01,871801.85
2024-01-02,966373.13
2024-01-03,1006090.04
2024-01-04,939436.08
2024-01-05,1149383.4
2024-01-06,928316.23
2024-01-07,788602.5
2024-01-08,823817.12
2024-01-09,807355.34
2024-01-10,768661.29
2024-01-11,852233.07
2024-01-12,1090888.36
2024-01-13,886492.6
2024-01-14,781384.97
2024-01-15,853308.51
2024-01-16,762682.85
2024-01-17,790970.23
2024-01-18,904927.4
2024-01-19,1052353.43
2024-01-20,872079.97
2024-01-21,775777.77
2024-01-22,744072.8
2024-01-23,747475.96
2024-01-24,715384.48
2024-01-25,633085.21
2024-01-26,736678.7
2024-01-27,713985.39
2024-01-28,638627.04
2024-01-29,696591.99
2024-01-30,596934.2
